,Country,Continental_Region,Population_2018,Population_2019,Alpha_2_Code,Alpha_3_Code,Numeric Code,Subdivision_Code,Internet_ccTLD,IMF,Year_IMF,World_Bank,Year_World_Bank,CIA,Year_CIA
0,India,Asia,1352642280,1366417754,IN,IND,356,ISO 3166-2:IN,.in,8293.0,2022.0,7334.0,2021.0,6100,2020
1,Indonesia,Asia,267670543,270625568,ID,IDN,360,ISO 3166-2:ID,.id,14638.0,2022.0,12904.0,2021.0,11400,2020
2,Pakistan,Asia,212228286,216565318,PK,PAK,586,ISO 3166-2:PK,.pk,6662.0,2022.0,5878.0,2021.0,4600,2020
3,Brazil,Americas,209469323,211049527,BR,BRA,076,ISO 3166-2:BR,.br,17684.0,2022.0,16056.0,2021.0,14100,2020
4,Nigeria,Africa,195874683,200963599,NG,NGA,566,ISO 3166-2:NG,.ng,5884.0,2022.0,5459.0,2021.0,4900,2020
5,Bangladesh,Asia,161376708,163046161,BD,BGD,050,ISO 3166-2:BD,.bd,7985.0,2022.0,6613.0,2021.0,4800,2020
6,Mexico,Americas,126190788,127575529,MX,MEX,484,ISO 3166-2:MX,.mx,22440.0,2022.0,20037.0,2021.0,17900,2020
7,Japan,Asia,127202192,126860301,JP,JPN,392,ISO 3166-2:JP,.jp,48813.0,2022.0,42940.0,2021.0,41400,2019
8,Ethiopia,Africa,109224414,112078730,ET,ETH,231,ISO 3166-2:ET,.et,3434.0,2022.0,2600.0,2021.0,2300,2020
9,Egypt,Africa,98423598,100388073,EG,EGY,818,ISO 3166-2:EG,.eg,15959.0,2022.0,13316.0,2021.0,12000,2020
10,Germany,Europe,83124418,83517045,DE,DEU,276,ISO 3166-2:DE,.de,63835.0,2022.0,57928.0,2021.0,50900,2020
11,Thailand,Asia,68863514,69037513,TH,THA,764,ISO 3166-2:TH,.th,21114.0,2022.0,19210.0,2021.0,17300,2020
12,Italy,Europe,60627291,60550075,IT,ITA,380,ISO 3166-2:IT,.it,51062.0,2022.0,45936.0,2021.0,39000,2020
13,South Africa,Africa,57792518,58558270,ZA,ZAF,710,ISO 3166-2:ZA,.za,15556.0,2022.0,14420.0,2021.0,11500,2020
14,Kenya,Africa,51392565,52573973,KE,KEN,404,ISO 3166-2:KE,.ke,6122.0,2022.0,5024.0,2021.0,4200,2020
15,Colombia,Americas,49661048,50339443,CO,COL,170,ISO 3166-2:CO,.co,18693.0,2022.0,16894.0,2021.0,13400,2020
16,Argentina,Americas,44361150,44780677,AR,ARG,032,ISO 3166-2:AR,.ar,26074.0,2022.0,23627.0,2021.0,19700,2020
17,Uganda,Africa,42729036,44269594,UG,UGA,800,ISO 3166-2:UG,.ug,3018.0,2022.0,2398.0,2021.0,2200,2020
18,Algeria,Africa,42228408,43053054,DZ,DZA,012,ISO 3166-2:DZ,.dz,13324.0,2022.0,12038.0,2021.0,10700,2020
19,Iraq,Asia,38433600,39309783,IQ,IRQ,368,ISO 3166-2:IQ,.iq,12408.0,2022.0,10409.0,2021.0,9300,2020
20,Afghanistan,Asia,37171921,38041754,".mw-parser-output .monospaced{font-family:monospace,monospace}AF",AFG,004,ISO 3166-2:AF,.af,2456.0,2020.0,2079.0,2020.0,2000,2020
21,Poland,Europe,37921592,37887768,PL,POL,616,ISO 3166-2:PL,.pl,42466.0,2022.0,37503.0,2021.0,32200,2020
22,Canada,Americas,37074562,37411047,CA,CAN,124,ISO 3166-2:CA,.ca,57827.0,2022.0,52085.0,2021.0,45900,2020
23,Morocco,Africa,36029093,36471769,MA,MAR,504,ISO 3166-2:MA,.ma,9808.0,2022.0,8144.0,2021.0,6900,2020
24,Saudi Arabia,Asia,33702756,34268528,SA,SAU,682,ISO 3166-2:SA,.sa,55802.0,2022.0,49551.0,2021.0,44300,2020
25,Uzbekistan,Asia,32476244,32981716,UZ,UZB,860,ISO 3166-2:UZ,.uz,9478.0,2022.0,8497.0,2021.0,7000,2020
26,Peru,Americas,31989260,32510453,PE,PER,604,ISO 3166-2:PE,.pe,15273.0,2022.0,13895.0,2021.0,11300,2020
27,Malaysia,Asia,31528033,31949777,MY,MYS,458,ISO 3166-2:MY,.my,33113.0,2022.0,29617.0,2021.0,26400,2020
28,Angola,Africa,30809787,31825295,AO,AGO,024,ISO 3166-2:AO,.ao,7455.0,2022.0,6581.0,2021.0,6200,2020
29,Mozambique,Africa,29496004,30366036,MZ,MOZ,508,ISO 3166-2:MZ,.mz,1457.0,2022.0,1342.0,2021.0,1200,2020
30,Yemen,Asia,28498683,29161922,YE,YEM,887,ISO 3166-2:YE,.ye,2136.0,2022.0,3689.0,2013.0,2500,2017
31,Ghana,Africa,28206728,28833629,GH,GHA,288,ISO 3166-2:GH,.gh,6780.0,2022.0,6178.0,2021.0,5300,2020
32,Nepal,Asia,28095714,28608710,NP,NPL,524,ISO 3166-2:NP,.np,4677.0,2022.0,4261.0,2021.0,3800,2020
33,Madagascar,Africa,26262313,26969307,MG,MDG,450,ISO 3166-2:MG,.mg,1790.0,2022.0,1635.0,2021.0,1500,2020
34,Cameroon,Africa,25216267,25876380,CM,CMR,120,ISO 3166-2:CM,.cm,4419.0,2022.0,4065.0,2021.0,3600,2020
35,Sri Lanka,Asia,21228763,21323733,LK,LKA,144,ISO 3166-2:LK,.lk,14230.0,2022.0,14127.0,2021.0,12500,2020
36,Burkina Faso,Africa,19751466,20321378,BF,BFA,854,ISO 3166-2:BF,.bf,2656.0,2022.0,2462.0,2021.0,2200,2020
37,Mali,Africa,19077749,19658031,ML,MLI,466,ISO 3166-2:ML,.ml,2609.0,2022.0,2447.0,2021.0,2200,2020
38,Romania,Europe,19506114,19364557,RO,ROU,642,ISO 3166-2:RO,.ro,38097.0,2022.0,35414.0,2021.0,28800,2020
39,Malawi,Africa,18143217,18628747,MW,MWI,454,ISO 3166-2:MW,.mw,1588.0,2022.0,1658.0,2021.0,1500,2020
40,Chile,Americas,18729160,18952038,CL,CHL,152,ISO 3166-2:CL,.cl,28887.0,2022.0,29104.0,2021.0,23300,2020
41,Kazakhstan,Asia,18319618,18551427,KZ,KAZ,398,ISO 3166-2:KZ,.kz,30827.0,2022.0,28600.0,2021.0,25300,2020
42,Zambia,Africa,17351708,17861030,ZM,ZMB,894,ISO 3166-2:ZM,.zm,3808.0,2022.0,3624.0,2021.0,3300,2020
43,Guatemala,Americas,17247849,17581472,GT,GTM,320,ISO 3166-2:GT,.gt,9931.0,2022.0,9769.0,2021.0,8400,2020
44,Ecuador,Americas,17084358,17373662,EC,ECU,218,ISO 3166-2:EC,.ec,12763.0,2022.0,11661.0,2021.0,10300,2020
45,Cambodia,Asia,16249792,16486542,KH,KHM,116,ISO 3166-2:KH,.kh,5583.0,2022.0,4683.0,2021.0,4200,2020
46,Senegal,Africa,15854323,16296364,SN,SEN,686,ISO 3166-2:SN,.sn,4113.0,2022.0,3769.0,2021.0,3300,2020
47,Chad,Africa,15477729,15946876,TD,TCD,148,ISO 3166-2:TD,.td,1719.0,2022.0,1591.0,2021.0,1500,2020
48,Zimbabwe,Africa,14438802,14645468,ZW,ZWE,716,ISO 3166-2:ZW,.zw,2555.0,2022.0,2445.0,2021.0,2700,2020
49,Guinea,Africa,12414293,12771246,GN,GIN,324,ISO 3166-2:GN,.gn,2993.0,2022.0,2879.0,2021.0,2700,2020
50,Rwanda,Africa,12301970,12626950,RW,RWA,646,ISO 3166-2:RW,.rw,2836.0,2022.0,2494.0,2021.0,2100,2020
51,Benin,Africa,11485044,11801151,BJ,BEN,204,ISO 3166-2:BJ,.bj,4183.0,2022.0,3789.0,2021.0,3300,2020
52,Belgium,Europe,11482178,11539328,BE,BEL,056,ISO 3166-2:BE,.be,62065.0,2022.0,58931.0,2021.0,48200,2020
53,Cuba,Americas,11338134,11333483,CU,CUB,192,ISO 3166-2:CU,.cu,,,,,12300,2016
54,Haiti,Americas,11123178,11263770,HT,HTI,332,ISO 3166-2:HT,.ht,3166.0,2022.0,3127.0,2021.0,2800,2020
55,South Sudan,Africa,10975927,11062113,SS,SSD,728,ISO 3166-2:SS,.ss,934.0,2022.0,1235.0,2015.0,1600,2017
56,Burundi,Africa,10524117,10864245,BI,BDI,108,ISO 3166-2:BI,.bi,865.0,2022.0,793.0,2021.0,700,2020
57,Greece,Europe,10522246,10473455,GR,GRC,300,ISO 3166-2:GR,.gr,36466.0,2022.0,31295.0,2021.0,27300,2020
58,Jordan,Asia,9965318,10101694,JO,JOR,400,ISO 3166-2:JO,.jo,11975.0,2022.0,10952.0,2021.0,9800,2020
59,Sweden,Europe,9971638,10036379,SE,SWE,752,ISO 3166-2:SE,.se,63877.0,2022.0,59324.0,2021.0,50700,2020
60,Honduras,Americas,9587522,9746117,HN,HND,340,ISO 3166-2:HN,.hn,6769.0,2022.0,6253.0,2021.0,5100,2020
61,Hungary,Europe,9707499,9684679,HU,HUN,348,ISO 3166-2:HU,.hu,42132.0,2022.0,36753.0,2021.0,31000,2020
62,Belarus,Europe,9452617,9452411,BY,BLR,112,ISO 3166-2:BY,.by,21709.0,2022.0,21699.0,2021.0,19100,2020
63,Tajikistan,Asia,9100835,9321018,TJ,TJK,762,ISO 3166-2:TJ,.tj,4803.0,2022.0,4288.0,2021.0,3700,2020
64,Austria,Europe,8891388,8955102,AT,AUT,040,ISO 3166-2:AT,.at,66680.0,2022.0,58428.0,2021.0,51900,2020
65,Papua New Guinea,Oceania,8606323,8776109,PG,PNG,598,ISO 3166-2:PG,.pg,4271.0,2022.0,4445.0,2021.0,4100,2020
66,Switzerland,Europe,8525611,8591365,CH,CHE,756,ISO 3166-2:CH,.ch,84469.0,2022.0,77324.0,2021.0,68400,2020
67,Israel,Asia,8381516,8519377,IL,ISR,376,ISO 3166-2:IL,.il,52173.0,2022.0,43722.0,2021.0,38300,2020
68,Togo,Africa,7889093,8082366,TG,TGO,768,ISO 3166-2:TG,.tg,2619.0,2022.0,2380.0,2021.0,2100,2020
69,Sierra Leone,Africa,7650150,7813215,SL,SLE,694,ISO 3166-2:SL,.sl,1972.0,2022.0,1816.0,2021.0,1600,2020
70,Paraguay,Americas,6956066,7044636,PY,PRY,600,ISO 3166-2:PY,.py,14528.0,2022.0,13976.0,2021.0,12300,2020
71,Bulgaria,Europe,7051608,7000119,BG,BGR,100,ISO 3166-2:BG,.bg,29178.0,2022.0,26705.0,2021.0,22400,2020
72,Lebanon,Asia,6859408,6855713,LB,LBN,422,ISO 3166-2:LB,.lb,11377.0,2020.0,10691.0,2021.0,11600,2020
73,Libya,Africa,6678559,6777452,LY,LBY,434,ISO 3166-2:LY,.ly,18945.0,2022.0,23357.0,2021.0,10300,2020
74,Nicaragua,Americas,6465501,6545502,NI,NIC,558,ISO 3166-2:NI,.ni,7154.0,2022.0,6332.0,2021.0,5300,2020
75,El Salvador,Americas,6420746,6453553,SV,SLV,222,ISO 3166-2:SV,.sv,10576.0,2022.0,9669.0,2021.0,8100,2020
76,Kyrgyzstan,Asia,6304030,6415850,KG,KGZ,417,ISO 3166-2:KG,.kg,5771.0,2022.0,5288.0,2021.0,4700,2020
77,Turkmenistan,Asia,5850901,5942089,TM,TKM,795,ISO 3166-2:TM,.tm,18875.0,2022.0,16194.0,2019.0,15500,2019
78,Singapore,Asia,5757499,5804337,SG,SGP,702,ISO 3166-2:SG,.sg,131426.0,2022.0,116487.0,2021.0,93400,2020
79,Denmark,Europe,5752126,5771876,DK,DNK,208,ISO 3166-2:DK,.dk,69845.0,2022.0,64651.0,2021.0,55900,2020
80,Slovakia,Europe,5453014,5457013,SK,SVK,703,ISO 3166-2:SK,.sk,38620.0,2022.0,33010.0,2021.0,30300,2020
81,Costa Rica,Americas,4999441,5047561,CR,CRI,188,ISO 3166-2:CR,.cr,24837.0,2022.0,23387.0,2021.0,19700,2020
82,Oman,Asia,4829473,4974986,OM,OMN,512,ISO 3166-2:OM,.om,41150.0,2022.0,31118.0,2020.0,27300,2019
83,Liberia,Africa,4818973,4937374,LR,LBR,430,ISO 3166-2:LR,.lr,1667.0,2022.0,1553.0,2021.0,1400,2020
84,Ireland,Europe,4818690,4882495,IE,IRL,372,ISO 3166-2:IE,.ie,131034.0,2022.0,106456.0,2021.0,89700,2020
85,New Zealand,Oceania,4743131,4783063,NZ,NZL,554,ISO 3166-2:NZ,.nz,50851.0,2022.0,46420.0,2021.0,42400,2020
86,Mauritania,Africa,4403313,4525696,MR,MRT,478,ISO 3166-2:MR,.mr,6925.0,2022.0,5592.0,2021.0,5000,2020
87,Panama,Americas,4176869,4246439,PA,PAN,591,ISO 3166-2:PA,.pa,36370.0,2022.0,31680.0,2021.0,25400,2020
88,Kuwait,Asia,4137312,4207083,KW,KWT,414,ISO 3166-2:KW,.kw,51528.0,2022.0,47303.0,2020.0,49900,2019
89,Croatia,Europe,4156405,4130304,HR,HRV,191,ISO 3166-2:HR,.hr,37550.0,2022.0,33801.0,2021.0,26500,2020
90,Eritrea,Africa,3452786,3497117,ER,ERI,232,ISO 3166-2:ER,.er,2078.0,2022.0,1626.0,2011.0,1600,2017
91,Uruguay,Americas,3449285,3461734,UY,URY,858,ISO 3166-2:UY,.uy,27233.0,2022.0,24626.0,2021.0,21600,2020
92,Bosnia and Herzegovina,Europe,3323925,3301000,BA,BIH,070,ISO 3166-2:BA,.ba,17899.0,2022.0,16847.0,2021.0,14300,2020
93,Mongolia,Asia,3170216,3225167,MN,MNG,496,ISO 3166-2:MN,.mn,13611.0,2022.0,12863.0,2021.0,11500,2020
94,Armenia,Asia,2951745,2957731,AM,ARM,051,ISO 3166-2:AM,.am,16798.0,2022.0,14630.0,2021.0,12600,2020
95,Jamaica,Americas,2934847,2948279,JM,JAM,388,ISO 3166-2:JM,.jm,11962.0,2022.0,10026.0,2021.0,8700,2020
96,Albania,Europe,2882740,2880917,AL,ALB,008,ISO 3166-2:AL,.al,17858.0,2022.0,15646.0,2021.0,13300,2020
97,Qatar,Asia,2781682,2832067,QA,QAT,634,ISO 3166-2:QA,.qa,113675.0,2022.0,93521.0,2021.0,85300,2020
98,Lithuania,Europe,2801264,2759627,LT,LTU,440,ISO 3166-2:LT,.lt,46159.0,2022.0,42665.0,2021.0,36700,2020
99,Namibia,Africa,2448301,2494530,,NAM,516,ISO 3166-2:NA,.na,10791.0,2022.0,9805.0,2021.0,8900,2020
100,Botswana,Africa,2254068,2303697,BW,BWA,072,ISO 3166-2:BW,.bw,19199.0,2022.0,17604.0,2021.0,16000,2020
101,Gabon,Africa,2119275,2172579,GA,GAB,266,ISO 3166-2:GA,.ga,18088.0,2022.0,15598.0,2021.0,14400,2020
102,Lesotho,Africa,2108328,2125268,LS,LSO,426,ISO 3166-2:LS,.ls,3028.0,2022.0,2682.0,2021.0,2300,2020
103,Slovenia,Europe,2077837,2078654,SI,SVN,705,ISO 3166-2:SI,.si,49968.0,2022.0,43625.0,2021.0,36500,2020
104,Guinea-Bissau,Africa,1874303,1920922,GW,GNB,624,ISO 3166-2:GW,.gw,2851.0,2022.0,2057.0,2021.0,1800,2020
105,Latvia,Europe,1928459,1906743,LV,LVA,428,ISO 3166-2:LV,.lv,38124.0,2022.0,34469.0,2021.0,29900,2020
106,Bahrain,Asia,1569446,1641172,BH,BHR,048,ISO 3166-2:BH,.bh,57921.0,2022.0,45411.0,2021.0,40900,2020
107,Trinidad and Tobago,Americas,1389843,1394973,TT,TTO,780,ISO 3166-2:TT,.tt,29797.0,2022.0,26868.0,2021.0,23700,2020
108,Equatorial Guinea,Africa,1308975,1355986,GQ,GNQ,226,ISO 3166-2:GQ,.gq,19433.0,2022.0,18127.0,2021.0,17000,2020
109,Estonia,Europe,1322920,1325648,EE,EST,233,ISO 3166-2:EE,.ee,46126.0,2022.0,42192.0,2021.0,35600,2020
110,Mauritius,Africa,1189265,1198575,MU,MUS,480,ISO 3166-2:MU,.mu,25372.0,2022.0,22240.0,2021.0,19500,2020
111,Djibouti,Africa,958923,973560,DJ,DJI,262,ISO 3166-2:DJ,.dj,6514.0,2022.0,5926.0,2021.0,5500,2020
112,Fiji,Oceania,883483,889953,FJ,FJI,242,ISO 3166-2:FJ,.fj,13944.0,2022.0,12060.0,2021.0,11000,2020
113,Guyana,Americas,779006,782766,GY,GUY,328,ISO 3166-2:GY,.gy,42647.0,2022.0,24494.0,2021.0,18700,2020
114,Bhutan,Asia,754388,763092,BT,BTN,064,ISO 3166-2:BT,.bt,13077.0,2022.0,11129.0,2020.0,10900,2020
115,Solomon Islands,Oceania,652857,669823,SB,SLB,090,ISO 3166-2:SB,.sb,2336.0,2022.0,2656.0,2021.0,2500,2020
116,Montenegro,Europe,627809,627987,ME,MNE,499,ISO 3166-2:ME,.me,26032.0,2022.0,22795.0,2021.0,18300,2020
117,Luxembourg,Europe,604245,615729,LU,LUX,442,ISO 3166-2:LU,.lu,141587.0,2022.0,134754.0,2021.0,110300,2020
118,Suriname,Americas,575990,581372,SR,SUR,740,ISO 3166-2:SR,.sr,17350.0,2022.0,16676.0,2021.0,16100,2020
119,Maldives,Asia,515696,530953,MV,MDV,462,ISO 3166-2:MV,.mv,30888.0,2022.0,18232.0,2021.0,13000,2020
120,Malta,Europe,439248,440372,MT,MLT,470,ISO 3166-2:MT,.mt,56338.0,2022.0,47715.0,2021.0,39200,2020
121,Belize,Americas,383071,390353,BZ,BLZ,084,ISO 3166-2:BZ,.bz,9623.0,2022.0,6922.0,2021.0,6100,2020
122,Iceland,Europe,336713,339031,IS,ISL,352,ISO 3166-2:IS,.is,66467.0,2022.0,57646.0,2021.0,52300,2020
123,Vanuatu,Oceania,292680,299882,VU,VUT,548,ISO 3166-2:VU,.vu,2858.0,2022.0,3105.0,2021.0,2800,2020
124,Barbados,Americas,286641,287025,BB,BRB,052,ISO 3166-2:BB,.bb,17314.0,2022.0,14817.0,2021.0,12900,2020
125,Samoa,Oceania,196129,197097,WS,WSM,882,ISO 3166-2:WS,.ws,5882.0,2022.0,6420.0,2021.0,6300,2020
126,Saint Lucia,Americas,181889,182790,LC,LCA,662,ISO 3166-2:LC,.lc,16417.0,2022.0,14051.0,2021.0,12300,2020
127,Kiribati,Oceania,115847,117606,KI,KIR,296,ISO 3166-2:KI,.ki,2165.0,2022.0,2172.0,2020.0,2300,2020
128,Grenada,Americas,111454,112003,GD,GRD,308,ISO 3166-2:GD,.gd,18436.0,2022.0,16680.0,2021.0,15100,2020
129,Tonga,Oceania,110589,110940,TO,TON,776,ISO 3166-2:TO,.to,6663.0,2022.0,6694.0,2020.0,6400,2019
130,Saint Vincent and the Grenadines,Americas,110211,110589,VC,VCT,670,ISO 3166-2:VC,.vc,15786.0,2022.0,14021.0,2021.0,12100,2020
131,Seychelles,Africa,97096,97739,SC,SYC,690,ISO 3166-2:SC,.sc,37661.0,2022.0,29838.0,2021.0,24400,2020
132,Antigua and Barbuda,Americas,96286,97118,AG,ATG,028,ISO 3166-2:AG,.ag,22070.0,2022.0,19838.0,2021.0,18000,2020
133,Andorra,Europe,77006,77142,AD,AND,020,ISO 3166-2:AD,.ad,65372.0,2022.0,,,49900,2015
134,Dominica,Americas,71625,71808,DM,DMA,212,ISO 3166-2:DM,.dm,13030.0,2022.0,11974.0,2021.0,9900,2020
135,Saint Kitts and Nevis,Americas,52441,52823,KN,KNA,659,ISO 3166-2:KN,.kn,27782.0,2022.0,26256.0,2021.0,23300,2020
136,Monaco,Europe,38682,38964,MC,MCO,492,ISO 3166-2:MC,.mc,,,,,115700,2015
137,Liechtenstein,Europe,37910,38019,LI,LIE,438,ISO 3166-2:LI,.li,,,,,139100,2009
138,San Marino,Europe,33785,33860,SM,SMR,674,ISO 3166-2:SM,.sm,72070.0,2022.0,59572.0,2020.0,60800,2019
139,Palau,Oceania,17907,18008,PW,PLW,585,ISO 3166-2:PW,.pw,13215.0,2022.0,16319.0,2020.0,17600,2019
140,Tuvalu,Oceania,11508,11646,TV,TUV,798,ISO 3166-2:TV,.tv,5844.0,2022.0,5082.0,2021.0,4400,2020
141,Nauru,Oceania,10670,10756,NR,NRU,520,ISO 3166-2:NR,.nr,10834.0,2022.0,15103.0,2021.0,13500,2019
142,Niue,Oceania,1620,1615,NU,NIU,570,ISO 3166-2:NU,.nu,,,,,5800,2003
